sentence,topic
perma banned recommend,-1
ive played hour understand nothing,1
boot mf real life come halt several week burn start cycle ive hidden library prevent going please dont rate review forget,0
pay win start review want dispell notion anyone tell pay win wrong lying good weapon mastery rank locked buy thing bypass grind level warframes weapon grind get mod weapon warframes make perform endgame content youre blindsiding youre going make argument pay win ive gotten way let get actual review graphic start reviewing graphical quality beautiful everything polished goodlooking appearance hesitate immerse environment top optimized compared game run many older computer issue section forgotten regard visuals lot love put tell looking beautiful immersive warframes content best freetoplay everything available paying willing grind best freemium model earn platinum premium currency ingame spending cent warframes unique thats lot different character choose unique ability different thing mod different way focus specific part ability kit fantastic amount customization thing love say star chart content get bit repetitive time stick fill star chart get high level content itll feel repetitive due time higher level combat get complex try staying least hour survival mission decide youll see mean talk cosmetic let face fashion looking good uniqueness important aspect videogame ton cosmetic theyre beautiful wonderful get star chart content find grinding platinum purchase new set clothes buying real money wont judge fact best cosmetic purchased real money tennogen cosmetic crafted love individual creator money go creator supporting allowing make wonderful content ill flesh review saying dont grinding mmotype game isnt give go dont type game youre going enjoy arent patient person grinding name rng affect many activity dont fact arent guaranteed certain thing wait warframes weapon finish building use farm resource build wont enjoy invest time grind acquire anything want cost great thing updating delivering new content year round get new warframes quest content buggy start received sanctuary onslaught new gamemode sacrifice new quest year getting openworld area venus year thats lot content year best optimized content see love poured content current time devs maintain strong relationship community ask question player want see want changed frequent livestreams fun discussing term development strong community commitment great thing many people love de transparency willingness maintain strong bond something many company brag read entire thing point sparked interest reccommend giving go loved second ive played say game future update excited downside trying free dont grind stop time uninstall there paywalls money barrier content take time grind resource build thing develop patience grinding pay get deeper complex result,0
list thing happen collect exploded part mathematician blew trying perform domain expansion ceo planetary sector wound homeless child harassing comic book save child performing cool skateboard trick pope capitalism trapped space hell orchestrates plot break disown son kill mom toxic ex apple vision woman skinned alive torturer build world worst boston dynamic robot help test tube baby college dropout fight cult primary antagonist giant company named corpos woman turned nuke order save friend sentient apartment building great summon spirit dead child power haunted fidget spinner tell main antagonist entire universe gamemode fight enemy using spaceship powered mummified finger piloted vietnam veteran siri best weapon piece grandfather spine time travel exist primary purpose prevent yk happening help save colony settler eaten alive investing stock market gladiator bloodsport time kill someone vague importance personal hitman sends email telling kill complete little edited png he low tier god jetstream sam get turned marketable plushie mission control fighting eldritch being spacetime talking goldfish voiced astarion newest mission character minor male experience agony childbirth psychic link stalker pregnant wife represented birthing contraction rhythm,3
met friend hard meet toxic player pve overall devs generous part listen community red text,0
schizophrenic woman talking head second,6
pro free isnt good devs isnt made bungie space mom con hour gone,-1
send help,1
anyone read swear im gon drink gallon water time someone find helpful review anything helpful,-1
life allow freetime black hole time succubus consume hate everyone play youll farming youve seen amount stuff youre interested im sorry late,0
miserable timesink cant stop playing send help,1
long time started new account took whole hour find toxic player community getting,0
played small wee wee friend girlfriend depression live none thing changed good,-1
like hate getting disappointing month fp much grind wont time energy complain time took complain something prime quest came youre year relic credit endo build,0
paid money game much worse recommended,0
reading negative review player multiple thousand hour thought hypocrite need balancing hour exist nobody took thing good day difference got bored spending quality hour blame everyone get bored everything escape reality quit year something come dont change fact amazing content,4
fun nothing clear everything clear longer fun sit im depressed,2
bum bum,2
product received free eh ok get bit repetitive hour content take long pushed meet player expectation said solid hour dump youll find plenty thing new player warning new player ui confusing market stuff make believe need dump real money get thing warframes gun couldnt truth get blueprint weapon clan dojos craft material get playing cosmetic prime weapon earn platinum premium ingame currency used marketplace rush stuff craft opening relic prime part use craft said prime warframes weapon selling player platinum use want marketplace cosmetic weapon slot etc exception community made tennogen cosmetic get real money trust impression misleading fair fp game market wouldnt waste time little advice platinum new player weapon warframes ripoff craft dont blow cosmetic keep weapon slot need,0
started playing release im playing need say nearing end im sad say seen hardship failed year relationship ended sever depression daily mental breakdown partner ended taking kid leaving month im better reformed person getting life manage enjoy friend,-1
people hr free giving negative review insert squealing child rant id say got money hold attention hang appreciate ride encourage someone take place people know much fun whine child deprive someone chance fun fun try,4
love fact hr got banned cant iran good job guy gamers want support game love,-1
doesnt get enough credit attention change digital extreme special gaming industry lose,0
nobody read review eat tablespoon ketchup get,-1
freeplay paywin platinum mean fashion hell frame buy slot orbiter decoration get platinum grinding rare mod making pay single cent last least ordis crappy pun quick reminder grindy hell hell expect freeplay quick note people saying better quick quick note read wikis dont scared ask youre need help help rngesus bless riven roll sell platinum,0
sure ive committed war crime name fashion occasion,-1
product received free hate,5
monkey man player seething malding fact cant love see,-1
dont like game much grind feel different feel time isnt respected time absurd drop rate rngesus hating fun right friend,0
hate grinding next guy there something soothing,0
game cool hate,2
run sliding addicting trying get upset fact cant,6
hate,2
like cocaine worse least run cocaine,1
played h month ptsd think installing dont solo,0
much grind lost gf bcs grind,0
dont itll stop,1
hate,2
best game played hour frustating considering ingame tutorial explain mchanics thats region chat ask region chat help dont understand something get help,0
tldr dislike grinding isnt dont mind alot youll manage stay sane hour plan go past hour sanity remained disintegrated continue least load fun generalize experience phase new player general player masochi mean true space new player started feel overwhelmed completing intial mission given help tip make lack assisstance community willing help ask hell give free stuff start general player majority new old player get load burnouts straight quit see grind grind grind grind yes entire mean theyre missing hidden message wanted make sound cool put word fun youre thinking hell endless hour constant grinding fun something line thats exact mindset new old player quit lead final phase true space ninja repetitive gamemode amount frame weapon choose make grind bearable fun worst kind weapon effective hilarious thing see joy bringing wrong set mission finding end worked expected avoid making review lenghty say truly enjoy change usual setup certain mission type challenge small fun objective mission helping player fustrating funny experience nice break constant grinding,0
free division cost buck ahhh head hurt,5
become overpowered space ninja blow million enemy everyday get stupid mod wont drop pick variety different class ninja mummy flaming chicken flightless bird bloke cosplaying dragon king fairy queen fairy flying monkey big stick genderbent robin hood davy jones im sure ninja,3
alright havent played better,-1
addictive bad thought,6
girlfriend hate,2
third person farmville shooter get boring become highrank scrublord,0
broke girlfriend recommend give try,-1
like teenage space killing everything space mommy said,3
havent played able form opinion,1
life want good mmorpg youre bored read review pc,0
grinded year max serration fml,0
review bombed people butt hurt aoe meta wukong nerfed people say phrase used rest git gud,4
hate write review window,4
didnt grind hard beginning friend experience funny,0
hour playing dude suck grinding nonstop useless weapon seems made paper hour playing lone liset vessel travelled atmosphere pluto ai ship spoke,0
gambling addict friend said post review get like award buy case beer vodka im gon leave,4
dont trust anyone trade xd,5
dog died girlfriend left lost job depressed nothing turn cause terrible thing happened life lato vandal excalibur proto armor skin worth update people seem think event review happened sorry deceiving making jest took lot time money fun thank concerned commenters making put update,1
youre walking grineer galleon there one comms dead corner eye spot stalker he following foot get four break sprint he gaining stalker youre looking tigris youre turned he see there blood face god there blood running life stalker he brandishing scythe stalker lurking shadow murderer killer stalker living wood stalker killing revenge stalker laughing body sadistic murderer stalker lockdown raised seem lost youre lost stranded murderer creep ship hall distance area liset dock hope move frame ah youre getting lag closing program quiet quiet alt tabbing quiet quiet screen black youre dead stalker sharpening scythe stalker doesnt see fumbling stalker youre sneaking backstabbing stalker fighting life stalker wrestling scythe stalker stab neurodes safe last stalker limp towards extraction stuttering bad performance issue beaten stalker wait isnt dead shadow surprise there arrow head death eye farmed fist stance body slam murderer stalker legendary fight stalker normal tuesday night stalker try swing scythe stalker friend trying skype he dodging swipe parry left counter right catch neck youre chopping head decapitated stalker helmet topples floor expressionless fall knee catch breath youre safe stalker,-1
suck bad,2
want sex infested,1
fun get repetitive there diminishing content later go,0
idk tried tutorial ok idk anything,1
dont mind countering review bomb braindead pissbabies malding cant afk,4
hate,2
meh get boring,-1
complex mmo freaking huge world freaking many gun item freakin many enemy best free mmos exists u spend horrific much time,0
havent outside house day destroying life moved gaming setup bathroom kitchen bathroom dont stop playing dont warning,1
im shocked say least optimized freetoplay farm day getting bored developer created farmer good time blasting head enemy monster come size space exploration indepth customization space ninja want best part isnt pay win buy certain frame market higher capacity doesnt mean overpowered everyone day take skill time master player need level frame new weapon pay win,0
nobody read review eat chili pepper milk get,-1
grineer used builder make war,-1
bad,2
used wife child hour swaggy space robot lot platinum shame wife child ill get see weekend,3
giving review counteract negative review raging baby bad video game oh cant wipe whole map single click mouse thats murdering thing style dare difficult clicking left mouse button hard sad state affair,4
review meant people planning join please swayed negative review posted people unhappy aoe wukong nerfs wherein playing lot offer casual remember nerfed something doesnt mean end world adjust overcome provide insight developer aoe meta dumb good luck fellow tenno,4
realizing much time kiwi spent epiphany life grind pw shoot man level stuff shoot man sending family terrible debt paying multiple funeral daily grind life leaf family deeper deeper debt way keep shooting poor man hoping something shooting dude dont care grief come action want shove potato butt edit space poopies shove potato butt,-1
newbie dont give find good keep playing deleted reinstalled many time real tutorial took hour deserved,-1
simulator travel space destroying hitler instagram follower space get good kush alcohol given several euphoric power weapon help quest depressed spaceship ai watch sleep main bad guy named small biggie doesnt good kush alcohol mlg want destroy people snoop doggs main hoe side okay get good kush alcohol pay money get,3
best fp looter shooter market new player find massive amount content released year suffers issue live service game suffer core loop neglected extedned amount time focus put shiny new content long time player youll find lack true endgame update feel small meaningless part new player issue covid affected studio capability communication drasticly seems going better direction update general range asked pretty damn cool conclusion great get new player veteran cant complain hour put log time time keep new stuff horizon,0
dadcals solution life problem joke aside think welcoming community granted player raid arent nice people region chat thatin experiencethe community overall giving helping veteran player ive given numerous item mr playersweapons rare mod complete set nova primefor free wouldnt mind helping mission find difficult youd point theyre time kept failing assassination mission vet joined stomped bos asked long playing told new guy played told thing look farm asked basic question answered im honest nothing happened life developer magic,0
gambling addict friend said post review get like award buy case beer vodka kg lemon im gon leave,4
send help cant stop playing good ruining marriage dessicated husk former self due improper hydration please send help cant stop,1
hover initial learning curve bump kdrive ahahahagh justified prejudice likely assume freetoplay game youre bound find real stereotype defying gem tenno information read real review,0
great super boring u beat planet take,-1
good grinding insane got patient hate fact wait day build new warframeits confusing start playing time going many year didnt build system helpful need good clan start stay clueless awhile start understanding think worth playing investing time,0
stop playing take break,1
bow arrow pin people wall enough said edit ton time get bit grind intensive nerfs made grindy fun end isnt,0
great bad brian racist,2
name artour tennovsky grow small liset make potato lotus say artour potato harvest bad need professional farmski derelictski make money potato seed babushka bring honor komrade babushka sorry english please cyka pasta copy pasterino frapuccino ronaldinho siniorino life love teach patience farm tekniks make good situation situation,0
review bombing country setting dumbest thing ive best freeplay game made youre ninja killing stuff sick move great graphic whats like,0
least top free top multiplayer negative thing bug pvp bad way opinion community amazing,-1
fool breathing air,-1
let bigot review bombing pride month ruin rating good good story good grind people dont end grind nothing get sucked updated many year free thing costing money decoration cosmetic decoration cosmetic get trading good,0
dont want grind isnt dont mind grind insane amount content waiting,0
addictive lootershooter,6
good shooter lot depth complexity content game biggest downfall youre new player experienced player coming new content give aneurysm trying digest wiki youtube crywanked sleep many time,0
hated borderland hated hated mmorpgs love,2
god help,1
afk simulator k,-1
hardcore space ninja people got load money patience waste,3
didnt played january couple hour felt lost confused going fast forward day member clan started playing blue reinstalled started left mag confused lost irritated clansman give turned almighty tube found small part series video broke say im hooked free good everything bought better built patience forge mat course buy im proud say rhino chassis built completed early morning new toy morning waiting im excited found new addiction enjoying free ill link helpful video,-1
wanted commit legal genocide unspeakable unhumane way consider lavos want practise chemistry random creature start arsonist wet dream picking ember hungry grendel there many way commit beuatiful war crime press download wait download pray device good see pretty colour particle buy low low price free right free whatre waiting,3
complex mmo freaking huge world freaking many gun item freakin many enemy best free mmos exists u spend horrific much time,0
fun downside put lot hour repetitiveness level dull one sens yes pvp mode people logged dont get use ability item obtained grinding skeleton defeat purpose getting ability item place storyline perk community friendly player willing help progress,0
negative review left kid sad autoplay button taken better couple kid go leave making community lot healthier say good riddance,4
horrible launch become best free play market done,-1
warfreaky,-1
cheated metacritic score unfair perception pay win ive plzuddamy fp mmos absolute least unfair pricing practice inferior series playable pc brings thought lore plot open world wandering looking map marker spaceship space suit fly drop mission enjoyed mass effect series particular excellent substitute bioware get act,0
gosh damn pinky finger hurt,2
havent fapped day ruined life,1
great veilbreaker people reviewbombing afk farm longer work cant level account sell anymore,-1
thirdperson shooter game found addictive weird developer improving year showing care good graphic addictive traversing feel satisfying combat looting fun interesting setting mysterious plot peaked interest receives update day bit difficult understand mechanic lot offer explaining player thing work making kinda confusing dont worry plenty guide help cosmic adventure,0
free grindy repetitive expensiveit make broke several thing ingame take half lifetime love,0
want slaughterbox simulator fishing simulator cant decide want,-1
strange beast youre repetitive obnoxious damn love implication universe make want know people live setting combat bit choppy done fp better model waittoprogress gear powerful frame locked absurdly hardtounlockbosses update fleshing content universe actual language given inhabitant unique boss less reskins something challenge entertains least left spaceninjas unique power fighting nebulous empire blandvoiced stormtroopers came returned fourway galatic war dogmatic corporate religion militarist legion recursive clone transhuman assassin struggling retain humanity infestation virulent make former point gun unity need frickin book made,3
make mistake flaw got bug nyc apartment thought place frame forgotten untouched month year grind brutal get certain thing damn fun boot endless mission turn brain enjoy carnage,0
addicted help,6
started ld ld mother stop hot woman cant horny,1
shouldnt free,5
get earth im lost,-1
de issue feedback pay attention stubborn weirdest issue problem concerning developer think thing v player interact said much stuff find group friend youre solid community best feature easiest way avoid feeling burnt void seventeen stated take part github repository request de contacted void datamining started inform continued removed design council second tie day giving amounted cease desist letter complied point example antagonism developer player oberons rework behavior devstreams condescending outright mocking community need scream collective voice get compromise measure pale comparison threatening minor legal action attempting work enthusiastic person help spreading information community acting independant verification released info help track hacked unreleased item excaliber umbra prime primed streamline go actual hacker go prominant benign dataminer expressed willingness work digital extreme condone behavior anyone give business matter resolved show support,0
boring,-1
product received free im poor cant afford crap aight cuz got homies wit step da homies step,5
ranking system troublesome creation process day new update incomming wih new interesting feature happen stop playing recognize least time dislike pwin game like thist thing pay lazyness look convenience grind everything real money currency called platinum selling stuff find exchange platinum trading channel dont pay spent money dont regret contribute something improve,0
ive played much good reach end youll see pointless thing give hour dont get sucked deep new update introduced bring new kind grind table intensive ridiculous end alright consider much time spend lot progress game hour compared hour nothing,-1
recommended space beating people,3
good free hate,2
cant stop please send platinum help,1
cant stop playing please send help,1
shooting dismembering throwing evaporizing melting name many thing unlucky enemy sure flaw main netcode using much pc resource host newest patch alleviated lot need polishing refreshing content keep hooked incredible better graphic newest aaa title trying keep growing array content,0
free screw review bombing,4
drug take social ruin life,1
product received free fun get slow introduction lack tutorial frequent bug update waiting hour real story start added many thing year started amount bug increasing major update bug get fixed shouldnt get past testing update feel slow enjoy community supportive help stuck,0
wont spoil story start hour like bear till grind want feel overpowered use amazing special ability cant use playing download moment,0
freakin sweet desire level thing feel endless playing crap year playing,-1
havent played good,1
voice keep forgetting name going week voice pun,-1
hate,2
feel burned take month break try believe happen love bit,-1
hate,2
awsome found firewall blocked wouldnt work,-1
spent dollar fancy cape edit spent dollar fancy cape edit refinanced reverse mortgage home get cape edit im broke,0
hate,2
nobody read review eat tablespoon ketchup get,-1
product received free hate damn,5
bestlooking free game level repetitive get grindy pay whole played free want kill time go,0
product received free dont want girlfriend,5
dont know havnt reviewed sooner great fun farming pain end day worth mean doesnt want ninja space,4
shoot kick jump slash loot repeat ad nauseaum bad,-1
u love fastpace actionshooting game futurisctic ninja grinding fulfilling goal suit define passion u feel repetitive hard overcome challenge hard complete story planet u kind sir dire need seek friend randomly post bad review leave bittertaste everyones mouth,-1
used fun become absolute mess bug devs ignoring community player feedback large pushing vision obvious flaw see discussion kuva lich system numerous bug content isle frequent nerfs popular item ignoring small time indie project quality testing edit changed course personnel long term player way go integrate community feedback hope rest industry look long way went,0
friend hate,2
posted january grind crazy im im new player coming opinion nothing give dopamine rush gun variety content amount warframes acquire insane wish bungie level innovation content blown mind everything wish smh cry,0
im new playd hour week send help,1
didnt look nice,-1
dont think like try youve got nothing loose cant believe free reccommend,5
badass space ninja gun,3
hour im clueless im im blast,1
grindy repetative love kind game lot story quest isnt pay win like pay look better cosmetic community helpful new player offer alot diversity repetative time,0
mean look many hour sank regret none everexpanding ennemymowing overall made devs community freetoplay politic best economy ive seen best dont take word try couple dozen hour see like farewell tenno,0
favorite waste time couldnt see self enjoying free give creator add stuff time giving community talk community company think make mmo free shooter listens company care player cant try love p spaaaaaaaaaaaaaaaaaaaaaaaaccccccccccccccceeeeeeeeeeeeeeee,0
aint framin lamin brah,-1
run please taken life please send help,1
eternal king free category shining example learning curve brick wall dont get put doesnt click find clan get people help youll get end okay people salty aoe nerfs review bombing game quality changed massive number people salty skill issue,0
wish button dislike good great story slow tho great grind fest killing bug stopped playing month due slow progres bug crash freeze start new frame know wish devs make less grindframe new,-1
great war frame,-1
open beta started one live service game invested time money cuz developer wanted unveiled original concept dark sector evolved lot playable solo lot story content evolved community input say shut make playable offline private server community live im rioting,0
ftp pay win shouldnt get lol,0
honest pal suggest free didnt seem thing relented thought give try game waiting new release thought fps awful dont need use firearm bow melee weapon pick volt u get shock enemy super fun fast smooth decent graphic nice control good recommend others,0
addictive id advise starting dont care update ruined life several occasion cool,6
entered world lot confusion menu full option customizations choose trouble figuing start got mission belt found color customization screen moment hooked repetitive grindy let get sucked find playing countless hour gripe seems lack overall objevive hit home fourth mission spectacle enjoying beat mission acquire better weapon power ups use repeat process find flying hallway scoring headshot weapon built colored impaling enemy personalize sword choice stop second say enjoy playing,0
mean come doesnt want space ninja,3
havent someone try recommend point arent fan,-1
good grinding needed keep endgame player insane dont game dont life thats issue lose inernet connection mission kick everything collected gone bugged time time gamebreaking,0
fool breathing air fool breathing air continues update way id thought possible started playing lifespan make weird suggested feature forum game seem tame added giant ship fly buddy dev reply mean seems limited shiny texture,3
product received free committed several war crime,5
get lot way grindy addictive doesnt paid dlc,0
faint heart press download button prepare longhaul warframes rng break moral suck stilljustonemoremission prime part cant right,1
depressed,2
feel nothing quit realize something,2
good youre bored nothing better grind mission time get want craft gear realise isnt content entertaining challenging use said gear repeat great new player time go downhill,0
product received free cause rift form family caused irreversible damage marriage,5
hate favorite,2
turned cyborg ninja murdered several fleet alien slight feeling im raging racist im killing everything isnt human,3
little bit time consuming,-1
started playing month optimized played game problem problem devs dont test patch release fix thing fixed year break working thing dont child thats bad forced bad see lotus big bulging tt year old boy bodied female ask arent smart enough sell puberty market dont understand auction house existed year mmo community fails bring bigger flaw need taken care vaulting annoying yes present oppurtunity take new player collector dont want spend platinum ember prime annoyance,0
feel stupit,2
addicting,6
hour gone life force depleting nothing live mr,1
paid euro virtual cape look torn curtain proud,-1
love beware scammer,5
fun get boring additional grinding,0
youre going scroll review find lot negative one written people hour youd pay cant bad played long good,4
havent playing long h time review say hooked looter shooter ninja paced con wallet warrior problem platinium way expensive complaint cause damn plat buck damn thats expensive tutorial tutorial kinda bad well better guide basic combat doesnt give tip advanced stuff example movement tell bullet jump crouch wall jump done tapping spacebar there whole mod thing touched reminf much complicated part limited room limited room warfrane instance based set map wander kill enemy objective kinda pro con depends people pvp pvp aka conclave feel unbalanced mean go total noob started max mastery rank player thousand hour invested matchmaking pls able switch team pro paywin people think paywin everything obtainable imagine get thing playing paywalls anything wow awesome graphic lowend pc run low end system look good reguires hardware run thats experienced dev team awesome devs care keep balanced excluding pvp thats opinion least add new content time community community least toxic community seen sorry cap needed people nice trading fluent extent concerning community least cant bad person go higher level end need work team toxic gain bad reputation nobody want anymore,0
somebody help meeeee addicting,6
recommend get bit repetative hold free pay win hour say leave devs listen people saying taken huge step ensure need met said weapon selection large grind need add face want get big boy toy hey complaining little work lot profit lazy sit get anything done,0
person bad friend girlfriend aint gon hurt try fun,2
got exgirlfriend left didnt,-1
product received free desperateness recommend want feel dead thousand hour farming itll kill ya,5
life ruin,1
destinyu player see next following year update justcant keep grindy balanced market ables player get premium currency grinding one bought platinum grinded real life edit lot nice people know pain learning know brain cant handle gon explode hardship old player got think godthis progression system find new player help new player blown start go start think need help others master student bond thing family bond real beauty showed gamers human thrive others player base see reason update progression system,0
love death ups down end long day shooting grineer wind mining fishing wonder ill able get drop bounty update sad fortuna thing looking everything copming year,0
cant fathom played much least rewarding nonsensical game ive played ffs edit lied fun,-1
fun lot stuff cant handle grinding working ammount time thing join fun,0
thid pure cocaine like grind surf wiki page community time cancerous cuz spending way much time grinding surfing wiki page man devs awesome run potato give try third person shooter interplanetary space ninja,3
posted january got hate blueprint,2
renamed warcrimes tbh,-1
help rip life,1
good waste life playing,-1
waste time farm farm farm farm farm farm,0
need help need stop,1
hate life,2
great love growing community update get boring dont know squad dolla spenda u wot mean,0
bad lot time spare,-1
tell definition insanity insanity exact thing expecting thing change,-1
addicting get recommend,6
good waste life,-1
pain nothing,2
cant describe word lovehate relationship,-1
guilty pleasure make cry,2
havent played alright get little repetitive,1
become fashion diva murder everyone,3
support staff isnt reliable need test event releasing considering vast expansive updated way say best free try love live quit,0
havent played youre dingus,1
addicting kill kill kill,6
waiting dont bring friend get full coop experience,-1
notified played hour find appropriate awful year somewhat recommend everything earned free paying dime take longggggggggggggggggggggggggggggggggggggggggggggg time due rng paywalls kind lot thing bought farming grinding whereas item farmed grinded everyone get suffer time investment earn thing major update thrice year reason log single day log reward weapon gear etc day numbered day total log in mind boggling amount weapon customizations everything end fashion frame p received product free,0
nobody read review eat tablespoon ketchup get,-1
like pretending demigod thats shrouded murderous intent meandering solar system full corrupt politician deadpan mad scientist mindless dispensable engineered clone like run cosplaying doom guy double barrel shotgun blasting gut everything move,3
isnt fortunate account bunch crap went hiatus friend who veteran youre gon trouble getting use mechanic weapon enemy level used youll realize effort lot thing mission raid sortie petting animal conclave youre get point recommend fun trying powerful player,0
good dont review,4
ive part year nothing entertaining today,-1
much handholding need figure everything work blast help community helpful friendly find flow suck hard prepared hadnt played closed beta reinstalled month day exact ive clocked hour much figure hard believe freeplay rest assured isnt paywin best monetisation scheme ive come fp game earn everything playing large part cosmetic item youll feel need spend real cash progress wouldnt surprised end buying bit platinum ingame premium currency support developer conclude dont mind grind youll find scratch itch knew recommended,0
unplayable,-1
social life temporary void keep giveth,1
garbage rebecca burp breathe irl playing space nonsense safety say called slenderman man hunt encounter watch back pay bill refund late,3
recommend best free ive played hard imagine charging people coop bit lackluster compared single player experience quality depends user hosting user slow upload speed thrown fail mission level go coop scary intense immersive experience recommend changing mode single player,0
good willing lose sanity time,-1
send help,1
suck,2
ruined life thanks,1
entire life making worse,1
space ninja godlike power biggest arsenal weapon world seen using kill space orcs space zombie member space cult much money spare mean look want live peace space rude warframes come place know pure tenno key mere trespasser vor know true power void cut half destroyed janus key void called brought reborn blame creature led false prophet impostor know secret void behold tenno come scavenge desecrate sacred realm brother tell day prophesize moment stop changed reborn energy janus key void let known tenno want true salvation lay arm wait baptism janus key time teach trespasser redemptive power janus key learn simple truth tenno lost resist vor cleanse place impurity,3
garbage,2
bloated content weapon warframes least new player,0
addicting doesnt catch friend,6
posted january friend csgo said post review get like award buy rtx kilo canned ham im gon leave help brotha,4
im losing social life,1
evil,2
listen meta critic suck start learning getting better stuff awesome cmon free,-1
looked bad year one best game ive played,-1
hate bad,2
uhhh year according steam k hour stopped playing scarelt spear event stopped playing cause felt burnt wasnt respecting time remember de nerf thing used huh theyre way making enemy difficult make bullet sponge recommending bad experience past want give benefit doubt improved time want proven wrong statement made doesnt respect time grindy meaningful reward close none like state experience pretty unfair recommend havent followed update havent happened past cant reflect today product make review cause care development time ive seen losing player certain decision im seeing getting player positive review know want go whole process disappointed,-1
gamehave spent much time job week spent playing week like cocaine worse free recommend stay,0
want die,1
good point bad fun say try,-1
cant get new weapon frame change way,0
bad,2
ill kidnap child let company die,1
ninja space gun fly space get space boat keep getting whole flying thing kinda iffy atm,3
give middle rating love hate relationship love character cool power feel overpowered ii feel way overpowered way underpowered dont horde powerful single target enemy seem blend indistnguishable mess powerful enemy surrounded identical enemy made paper mobility fun bos fight feel good pvp fun opponent honorable pay element feel fair grindy less character choose start powerful look nice lore interesting music nice character great personality bad,0
damn grind fashion frame shouldnt said dat plat said dat grinddddddddddddd grinddddddddddd mad grinddddddddddddddddd hour day day week nothing grindddddd im grindddddddd liset aint normal liset grind liset,0
people cry wukong aoe nerfs baby get bonus respect ignoring,4
thought couldnt get betterv,-1
product received free hello refugee reading review control warframes weaponised nfts defeat alien please update achievement suck ive played nonsteam bit achievement december achievement fixed crossplatform merge account thanks de based,5
taiwan sovereign nation become last bastion true chinese culture china smogfilled orwellian nightmare state active concentration camp housing uyghur people detaining citizen arbitrary reason making country separate wise choice,-1
family issue destory human planet universe,-1
spaceshootysliceymagicmeatmetalninjas liquidate chilling space capitalist cripple deteriorating cyborg clone army eviscerate nasty gribbly horror killem void clash ancient shouldbedead robot varying size murder fellow super assassin cause slaughtering everything wasnt follow new adventure trace fragment past filled wonder woe willing go hell obtain anything spaceship become fanciest danciest technoorganic powerhouse slaying cosmos help save solar system anything go wrong tell devs appropriate forum elaborate part run improves wih update significant bug appear large update introducing new feature system plain eidolon detrimental devs risen correcting time time great handful issue surface mulled devs player satisfied slap past self buying founder pack combat aesthetic developing setting freedom movement glorious,-1
sad part update time lost kubrow earlier version lotus mark kubrow got market mixed feeling good improved best thing meeting people support grind sorta bond hell ive met best friend say break social akward shell go look new teammate,0
people say grinding isnt fun friend fish talk life grind get disappointed rngeesus best free library dota sorry either get cool stuff buying platinum supporting devs grind hecc youll get free system requirement bit old wan good cpu capable gpu enjoy max setting cause damn ducking beautiful gb sweat k optimized sure cause newbie day played trusty old sandy bridge laptop intel hd lmao community great many helpful ppl boast im cause get bored fun helping newbie thats lure orbiter stuff keep grinding continue im veteran playing year come devs cool btw space mom reb cool irl,0
paid money game much worse recommended,0
cant nothing recommend ive read several comment saying game system explained got little introduction ure free investigate playing check wiki tho find damage formula think good thing treated baby cant nothing say hour bit confusing u want understand got ta think bit expect people thats bad point everything matter taste based power fantasy youre playing powerful battle machine existed dont come wanting challenge soul face challenge itll get time u see eidolon example ure prepared youre gon wont free get premium currency playing pay cosmetic advantage get paying microtransactions getting point point b progression little community comparable minecrafts graphic customization point free time dedicate none get catch try,0
hour hundred euro invested course lot year stop playing give account brother get banned pathetic im taking money somehwre,-1
problem update bringing bunch negative positive addition fix grinding farming gear major part wiki much required tool friend tell mechanic whatnot fun working get hand different way annihilate horde enemy dont grind mystery mechanic keep thing interesting enjoyable top thing look game got right opinion gunplay feel good plenty variety movement environment skill involved feel rewarding get better parkouring massive spaceship hostile celestial body customization complex try different idea simple turn dont time theorycraft free model fair fall progressfastercategory platinum premium currency hard get playing trading primed loot player platinum used trading cosmetic item course shortcut get stuff overall paytowin community good compared usual cesspool caused internet anonymity new player feel welcomed there someone looking help figure thing digital extreme company connected player listen feedback month hooked playing day everyone perfect deserves try,0
make black man cry,2
uninstall install login glitch sad good,-1
stop looking review great developer fp model,4
let leave damn please god let grind hell help please name everything holy let live life god,0
regret getting,6
refuse waste life grinding meaningless stuff basic melee ranged combat ill stick competitive multiplayer shooter fighting game grind grind evil quality,0
addicting im rank love yas gurlll slay edit ruining love,6
cant online multiplayer game community,0
hate,2
councilor vay hek tenno worse weed kill show multyplayer nutshell,-1
think number hour put speaks worried payment model work time v money time money everything including cosmetic obtained trade player money much time grind specific item buy player rare case market depending want bad end competent devs whats great represents ultimate example squandered potential end sight nothing endless grind variant pose question purpose gaining ultimate power contest worthy content trivialized,0
little grindy enough hour give proper review,4
need time get arent getting much help played time fun,1
life wasnt whole got know gameit isnt atleast something kill time best time killer best free pps better lot paid game,0
tell definition insanity,-1
start peasant owns nothing basic tool end end peasant owns everything space farm simulator,0
thanks prime resurgence family disowned,1
pro time machine ive seen day go flash start activate con cant find reverse time button support kinda poo,1
wicked,2
head people thinking trying doesnt require skill way mobas fps reaction time quick flashy play arent going make good build numbercrunching lot grinding youre people serious timeconstraints job deal life expect make huge amount progress rest review removed outdated want want isnt going gate something werent second told,0
spent unbeknownst hour playing nothing positive thing say fact many freetoplay game require pay order progress isnt true ive learned beginning hoursuponhours spend single penny wasnt nearing hour realized much enjoyed thought investing platinum help make alreadypleasant experience evolved alot small amount time ive played player purchase developer added new map new mod killer melee battling system outstanding unique mission mode add spontaneity imagine mix ninja gaiden call duty vanquish personal experience worth checking youre college student strapped spending money new game coming give shot im sure come find least thing make fun great unique experience lenny,0
great reason dont life go school itherwise id constantly,1
good youre new ask friend help go experienced player isnt pay win pay skip content youre done everything get stale writing current meta big explosion dont surprised cant see due flashing light public squad,0
dont know like grind achievement repetitiveness im mind tried spite friend ditching im glad cant write much lotus need see tenno,0
confuse new player recommend inviting friend meant played becomes boring,-1
isnt good representation astronaut cant go moon,3
freaking space ninja,3
decent like constant grind get little repetitive,0
steam ladder worldwide mommy hour mommy bring beer dad cant great try playing spending money,0
best free game get boring experience everything thing left weapon grinding get higher rank pay last pay faster reach end end max weapon thats end boring,-1
dont deserve made free peasant rise mud get industry promising day vain,-1
ruined life reccomended,1
going try review anymore dont youll know quick guarantee youll kill time average aaa campaign hate youll drop ton hour adore best thing graphic good optimized great world building universe hack slash combat excellent gunplay lot lot lot weapon variety character warframes best free model seen trade ingame item premium currency item available normal mission cosmetic bought premium currency prepared grind,0
please dont,1
good bad,2
product received free bad,5
bad played bit thats,-1
good lot potential devs big issue good content h done look hard content wrong everything get easy trivialized point time isnt valued,0
cool get bored endless grind,0
u friend play graphic oh yeaaaaaah control oh yeaaaaaah yeaaaah mission trash,-1
say excellent way u enjoy scifi action u time waste perfect u played ive realised repetitive masterpiece u spend hour trying new equipment find stronger one coming cause u want spend hour farming get u got nothing enjoy scifi action recommend admit good,-1
type isnt fps scifi need game bit slower measured high fantasy good magic system reason click parkour amazing number warframes class crazy synergy ability check wiki ridiculous theyre much void anyway hard convince friend give try new player experience doesnt justice way hook start get hurdle amazing ton content,0
make modern aaatitles look bad there graphic decent general great microtransaction system isnt b,0
suffer,2
product received free frustrating time rewarding playing friend,5
ball hurt,2
product received free free game isnt pay win slog terrible beginning content get amazing updated time best community believe enjoyable solo course way friend edit think good core past update lackluster disappointed point wanting step month wait interesting content added clarify think time ive grown due mixture disappointing new content overall burnout,-1
consume everything day addiction keep trapped strict diet stupidity tenacity stubbornness keep waking moment consumed void community great welcoming new player rare bunch gone,0
dont pay attention happens say run even computer lower spec run smooth wise fun played little repetetive buddy thousand hour say change guess trash need get good,0
addictive heck ruining life im okay,6
time want get death threat,1
tried thisit mistake goodbye free time,1
wont regreat time spend p award,1
u u walking meme,-1
life gone,1
ive wasted many hour im going waste many,-1
grindy decent dont enjoy,0
remember found right easter everybody knew getting bored multi playing skyrim found night tooling steam looking something replace replacement found gave pve grindycollection looking mission paced loose track time make game seem lacking digital extreme update patch different started playing way april im going sit tell perfect everything con hotfixes patch break something player report de fix good clearing thing hey beta keep blabbering good repititious ill leave like pve person coop extreme character agility ability power grindy crafting system make multitude unique weapon interchangeable mod like,0
played main negative thing grinding payplay paytocutcorners speed rank system get obstacle entertaining,0
